City_ID,City,Country,Date,Lat,Lng,Max Temp,Humidity,Cloudiness,Wind Speed
0,Mataura,NZ,2022-07-16 02:36:11,-46.1927,168.8643,44.51,74,78,5.46
1,Bredasdorp,ZA,2022-07-16 02:36:11,-34.5322,20.0403,50.07,88,76,4.36
2,Hermanus,ZA,2022-07-16 02:36:11,-34.4187,19.2345,52.81,71,77,7.81
3,Kavaratti,IN,2022-07-16 02:36:12,10.5669,72.642,81.3,80,88,15.99
4,Khrebtovaya,RU,2022-07-16 02:36:12,56.7032,104.2494,50.52,99,100,4.43
5,Grand Gaube,MU,2022-07-16 02:36:12,-20.0064,57.6608,69.39,75,86,5.01
6,Kapaa,US,2022-07-16 02:36:13,22.0752,-159.319,84.18,71,0,14.97
7,Dikson,RU,2022-07-16 02:36:13,73.5069,80.5464,43.48,82,25,10.6
8,Beian,NO,2022-07-16 02:36:13,63.6559,9.5683,52.02,87,75,14.97
9,Upernavik,GL,2022-07-16 02:36:14,72.7868,-56.1549,46.69,65,12,3.33
10,Joshimath,IN,2022-07-16 02:36:14,30.5667,79.5667,78.58,57,20,4.27
11,Udachnyy,RU,2022-07-16 02:36:15,66.4167,112.4,48.45,100,100,18.23
12,Kalmunai,LK,2022-07-16 02:36:15,7.4167,81.8167,84.43,63,99,1.7
13,Albany,US,2022-07-16 02:35:32,42.6001,-73.9662,67.93,72,76,2.71
14,Sangar,RU,2022-07-16 02:36:16,63.9242,127.4739,76.46,61,87,4.79
15,Punta Arenas,CL,2022-07-16 02:32:20,-53.15,-70.9167,24.91,93,40,11.5
16,Mar Del Plata,AR,2022-07-16 02:34:19,-38.0023,-57.5575,50.88,96,100,13.8
17,Sobolevo,RU,2022-07-16 02:36:16,54.4299,31.8996,49.39,98,11,6.49
18,Barrow,US,2022-07-16 02:36:17,71.2906,-156.7887,37.42,87,100,10.36
19,Talnakh,RU,2022-07-16 02:32:19,69.4865,88.3972,65.21,43,3,0.45
20,Hilo,US,2022-07-16 02:36:17,19.7297,-155.09,90.28,93,100,8.05
21,Saint Anthony,US,2022-07-16 02:32:16,45.0205,-93.218,82.33,65,0,8.05
22,Inhambane,MZ,2022-07-16 02:36:18,-23.865,35.3833,64.33,85,29,9.31
23,Pisco,PE,2022-07-16 02:34:52,-13.7,-76.2167,60.03,82,22,4.61
24,Hithadhoo,MV,2022-07-16 02:34:06,-0.6,73.0833,83.46,75,52,13.82
25,Chuy,UY,2022-07-16 02:36:19,-33.6971,-53.4616,57.6,99,96,6.69
26,Torbay,CA,2022-07-16 02:35:29,47.6666,-52.7314,61.57,94,75,10.36
27,Tibati,CM,2022-07-16 02:36:19,6.4667,12.6333,64.99,99,100,2.06
28,Adrar,MR,2022-07-16 02:36:20,20.5022,-10.0711,91.89,23,2,8.77
29,Kaitangata,NZ,2022-07-16 02:36:20,-46.2817,169.8464,46.65,62,24,11.95
30,Rikitea,PF,2022-07-16 02:36:20,-23.1203,-134.9692,67.89,86,100,11.97
31,Kaoma,ZM,2022-07-16 02:36:21,-14.7833,24.8,50.76,61,3,6.51
32,Vaini,TO,2022-07-16 02:34:20,-21.2,-175.2,80.76,89,20,9.22
33,Wahpeton,US,2022-07-16 02:36:21,46.2652,-96.6059,80.92,65,0,3.44
34,Atuona,PF,2022-07-16 02:36:22,-9.8,-139.0333,77.41,75,7,13.96
35,Eyl,SO,2022-07-16 02:36:22,7.9803,49.8164,78.46,59,73,27.65
36,Bambous Virieux,MU,2022-07-16 02:33:36,-20.3428,57.7575,69.22,83,75,11.5
37,Kayankulam,IN,2022-07-16 02:36:23,9.1833,76.5,78.96,82,94,2.3
38,Leningradskiy,RU,2022-07-16 02:33:46,69.3833,178.4167,43.65,68,100,6.49
39,Touros,BR,2022-07-16 02:36:23,-5.1989,-35.4608,73.49,90,3,12.19
40,Busselton,AU,2022-07-16 02:34:11,-33.65,115.3333,59.52,69,100,6.35
41,Bara,NG,2022-07-16 02:36:23,10.3744,10.7288,73.04,85,99,3.24
42,Clyde River,CA,2022-07-16 02:37:24,70.4692,-68.5914,50.23,53,0,13.8
43,Arraial Do Cabo,BR,2022-07-16 02:37:24,-22.9661,-42.0278,70.86,84,62,27.0
44,Butaritari,KI,2022-07-16 02:37:24,3.0707,172.7902,79.9,83,100,14.9
45,Puerto Ayora,EC,2022-07-16 02:37:25,-0.7393,-90.3518,69.55,93,99,4.0
46,Gurjaani,GE,2022-07-16 02:37:25,41.7429,45.8011,75.4,47,0,3.71
47,Bengkulu,ID,2022-07-16 02:37:25,-3.8004,102.2655,79.25,87,100,2.64
48,Faya,SA,2022-07-16 02:37:26,18.3851,42.4509,68.52,39,96,7.45
49,Port Alfred,ZA,2022-07-16 02:32:28,-33.5906,26.891,58.23,73,98,9.08
50,Hobart,AU,2022-07-16 02:37:04,-42.8794,147.3294,52.27,75,75,10.36
51,Riyadh,SA,2022-07-16 02:32:35,24.6877,46.7219,86.14,13,15,10.42
52,General Pico,AR,2022-07-16 02:37:27,-35.6566,-63.7568,46.6,81,100,13.85
53,Vanimo,PG,2022-07-16 02:37:27,-2.6741,141.3028,83.97,72,71,7.49
54,Valdivia,CL,2022-07-16 02:37:27,-39.8142,-73.2459,30.29,95,0,1.86
55,Bethel,US,2022-07-16 02:37:28,41.3712,-73.414,72.75,76,23,2.68
56,Deputatskiy,RU,2022-07-16 02:37:28,69.3,139.9,51.12,67,97,5.48
57,Tuatapere,NZ,2022-07-16 02:37:28,-46.1333,167.6833,47.35,71,43,8.01
58,Victoria,HK,2022-07-16 02:37:29,22.2855,114.1577,90.97,79,96,11.99
59,Cayenne,GF,2022-07-16 02:37:29,4.9333,-52.3333,76.08,1,75,0.0
60,Namatanai,PG,2022-07-16 02:37:30,-3.6667,152.4333,84.24,67,73,5.44
61,Nagua,DO,2022-07-16 02:37:30,19.3832,-69.8474,77.56,91,98,7.74
62,Honiara,SB,2022-07-16 02:37:30,-9.4333,159.95,87.4,54,62,8.52
63,Prince Rupert,CA,2022-07-16 02:37:31,54.3161,-130.3201,53.69,100,100,3.44
64,Yellowknife,CA,2022-07-16 02:36:15,62.456,-114.3525,64.92,63,75,5.75
65,Williams Lake,CA,2022-07-16 02:37:31,52.1415,-122.1445,71.06,57,75,10.36
66,Boone,US,2022-07-16 02:37:32,39.0334,-92.3335,90.45,51,9,7.76
67,Isangel,VU,2022-07-16 02:37:32,-19.55,169.2667,73.51,68,100,13.8
68,Ushuaia,AR,2022-07-16 02:34:10,-54.8,-68.3,37.06,52,20,16.11
69,Tianpeng,CN,2022-07-16 02:37:32,30.9866,103.9393,79.27,92,100,4.29
70,Saldanha,ZA,2022-07-16 02:37:33,-33.0117,17.9442,48.25,64,6,6.11
71,La Paz,BO,2022-07-16 02:37:33,-16.5,-68.15,44.58,17,75,2.3
72,Wawa,NG,2022-07-16 02:37:33,9.9022,4.4192,74.23,86,100,8.46
73,Tasiilaq,GL,2022-07-16 02:37:34,65.6145,-37.6368,48.36,78,100,4.32
74,Thompson,CA,2022-07-16 02:37:34,55.7435,-97.8558,75.36,50,75,3.44
75,Longyearbyen,SJ,2022-07-16 02:37:34,78.2186,15.6401,51.64,71,75,27.63
76,Faanui,PF,2022-07-16 02:37:35,-16.4833,-151.75,76.5,71,18,24.16
77,Cervo,ES,2022-07-16 02:37:35,43.6702,-7.4101,64.96,71,46,6.13
78,Saint-Philippe,RE,2022-07-16 02:33:32,-21.3585,55.7679,65.79,87,59,12.33
79,Vikesa,NO,2022-07-16 02:37:35,58.6376,6.0913,51.89,89,41,13.18
80,Tanete,ID,2022-07-16 02:37:36,-3.9443,119.7848,84.13,70,93,10.11
81,Pundaguitan,PH,2022-07-16 02:37:36,6.3711,126.1689,82.69,76,100,5.03
82,Carnarvon,AU,2022-07-16 02:37:37,-24.8667,113.6333,71.87,43,2,9.06
83,Andradina,BR,2022-07-16 02:37:37,-20.8961,-51.3794,71.74,43,81,9.95
84,Tuktoyaktuk,CA,2022-07-16 02:37:37,69.4541,-133.0374,46.4,71,20,4.61
85,Alvand,IR,2022-07-16 02:37:38,36.3187,49.1678,67.19,38,0,3.29
86,Raudeberg,NO,2022-07-16 02:37:38,61.9875,5.1352,50.67,75,95,11.18
87,East London,ZA,2022-07-16 02:37:39,-33.0153,27.9116,57.67,69,45,8.55
88,Mahebourg,MU,2022-07-16 02:36:44,-20.4081,57.7,69.26,83,75,11.5
89,Khatanga,RU,2022-07-16 02:36:43,71.9667,102.5,63.88,41,98,4.03
90,Hasaki,JP,2022-07-16 02:37:39,35.7333,140.8333,77.4,87,100,15.17
91,Harper,LR,2022-07-16 02:37:40,4.375,-7.7169,74.1,87,100,9.37
92,Aksha,RU,2022-07-16 02:38:40,50.2814,113.2867,65.41,87,100,5.48
93,Boa Viagem,BR,2022-07-16 02:38:40,-5.1275,-39.7322,73.08,65,38,0.92
94,Novopskov,UA,2022-07-16 02:38:41,49.5464,39.0899,67.87,60,4,2.35
95,Shingu,JP,2022-07-16 02:37:02,33.7333,135.9833,77.67,87,100,1.61
96,Nanortalik,GL,2022-07-16 02:37:54,60.1432,-45.2371,40.32,92,100,9.35
97,Yazman,PK,2022-07-16 02:38:41,29.1212,71.7446,89.1,56,74,15.95
98,Amahai,ID,2022-07-16 02:38:42,-3.3333,128.9167,78.94,88,100,7.81
99,Talara,PE,2022-07-16 02:38:42,-4.5772,-81.2719,64.02,80,0,19.77
100,Jalu,LY,2022-07-16 02:36:18,29.0331,21.5482,74.62,49,0,8.79
101,Severo-Kurilsk,RU,2022-07-16 02:38:42,50.6789,156.125,56.64,90,82,5.19
102,Carballo,ES,2022-07-16 02:38:43,43.213,-8.691,65.89,92,12,1.32
103,Carutapera,BR,2022-07-16 02:38:43,-1.195,-46.02,73.54,94,20,4.36
104,Bluff,NZ,2022-07-16 02:38:44,-46.6,168.3333,48.38,73,83,24.14
105,Terney,RU,2022-07-16 02:38:44,45.0503,136.6092,59.47,97,100,14.52
106,Port Elizabeth,ZA,2022-07-16 02:36:42,-33.918,25.5701,48.49,100,0,4.61
107,Norman Wells,CA,2022-07-16 02:38:44,65.282,-126.8329,59.04,67,75,8.05
108,Lagunas,PE,2022-07-16 02:38:45,-5.2269,-75.6753,72.99,95,7,2.64
109,Mehran,IR,2022-07-16 02:38:45,33.1222,46.1646,93.6,15,0,4.81
110,New Norfolk,AU,2022-07-16 02:34:14,-42.7826,147.0587,51.93,77,100,1.99
111,Cape Town,ZA,2022-07-16 02:38:46,-33.9258,18.4232,61.12,84,28,3.44
112,Saint-Pierre,RE,2022-07-16 02:38:46,-21.3393,55.4781,66.9,68,100,2.3
113,Okha,RU,2022-07-16 02:38:46,53.5739,142.9478,65.07,65,99,14.65
114,Ribeira Grande,PT,2022-07-16 02:38:47,38.5167,-28.7,69.55,91,4,7.05
115,Ruswil,CH,2022-07-16 02:38:47,47.0843,8.1265,62.08,82,1,0.0
116,Klyuchi,RU,2022-07-16 02:38:47,52.2667,79.1667,69.06,59,33,5.99
117,Mogadishu,SO,2022-07-16 02:38:48,2.0371,45.3438,75.83,83,61,17.83
118,Iracoubo,GF,2022-07-16 02:38:48,5.4802,-53.2011,75.99,91,48,6.17
119,Jablah,SY,2022-07-16 02:38:49,35.3614,35.9256,73.69,88,40,6.91
120,Raha,IN,2022-07-16 02:38:49,26.2333,92.5167,87.24,78,29,5.26
121,Lompoc,US,2022-07-16 02:36:12,34.6391,-120.4579,75.34,81,0,12.66
122,Georgetown,MY,2022-07-16 02:37:29,5.4112,100.3354,85.95,81,20,3.44
123,Port Blair,IN,2022-07-16 02:38:50,11.6667,92.75,77.04,88,100,5.75
124,Cururupu,BR,2022-07-16 02:38:50,-1.8283,-44.8683,72.7,97,15,2.57
125,Kavieng,PG,2022-07-16 02:38:50,-2.5744,150.7967,83.91,68,67,7.85
126,Siaya,KE,2022-07-16 02:38:51,0.0612,34.2882,63.63,84,100,1.77
127,Cootamundra,AU,2022-07-16 02:38:51,-34.65,148.0333,48.94,62,100,10.2
128,Dicabisagan,PH,2022-07-16 02:38:52,17.0818,122.4157,89.33,66,99,7.0
129,Mount Isa,AU,2022-07-16 02:38:52,-20.7333,139.5,71.37,28,0,10.36
130,Sao Joao Da Barra,BR,2022-07-16 02:38:52,-21.6403,-41.0511,71.22,83,54,20.56
131,Chicama,PE,2022-07-16 02:38:53,-7.8447,-79.1469,59.54,87,14,5.88
132,Qaanaaq,GL,2022-07-16 02:37:59,77.484,-69.3632,50.83,60,78,8.28
133,Coquimbo,CL,2022-07-16 02:33:57,-29.9533,-71.3436,47.93,93,75,6.91
134,Makakilo City,US,2022-07-16 02:38:53,21.3469,-158.0858,82.72,58,75,14.97
135,Saint George,US,2022-07-16 02:35:10,37.1041,-113.5841,101.43,18,0,8.05
136,Shimoda,JP,2022-07-16 02:38:53,34.6667,138.95,75.56,97,100,5.75
137,Honolulu,US,2022-07-16 02:38:54,21.3069,-157.8583,84.02,67,40,15.01
138,Sakaiminato,JP,2022-07-16 02:39:54,35.55,133.2333,87.78,62,75,8.05
139,Pochutla,MX,2022-07-16 02:37:24,15.7432,-96.4661,80.42,87,100,6.13
140,Karratha,AU,2022-07-16 02:38:09,-20.7377,116.8463,73.83,23,2,14.97
141,Port Macquarie,AU,2022-07-16 02:39:55,-31.4333,152.9167,64.89,48,100,6.58
142,Alofi,NU,2022-07-16 02:39:55,-19.0595,-169.9187,82.29,61,29,14.97
143,Urusha,RU,2022-07-16 02:39:56,54.05,122.9,78.4,58,100,5.35
144,Castro,BR,2022-07-16 02:36:47,-24.7911,-50.0119,62.64,61,100,6.93
145,Santa Isabel Do Rio Negro,BR,2022-07-16 02:39:56,-0.4139,-65.0192,73.35,96,94,2.68
146,Manaus,BR,2022-07-16 02:39:57,-3.1019,-60.025,82.89,74,0,3.44
147,Kodiak,US,2022-07-16 02:39:57,57.79,-152.4072,62.11,72,100,4.61
148,Aitape,PG,2022-07-16 02:39:57,-3.1374,142.3475,83.5,76,93,7.18
149,Kanniyakumari,IN,2022-07-16 02:39:58,8.0833,77.5667,80.31,77,98,14.79
150,Asau,RO,2022-07-16 02:39:58,46.4333,26.4,60.28,89,59,3.8
151,Ponta Do Sol,PT,2022-07-16 02:39:58,32.6667,-17.1,68.72,81,9,3.38
152,Korla,CN,2022-07-16 02:37:56,41.7597,86.1469,76.05,41,100,2.13
153,Westport,US,2022-07-16 02:38:47,41.1415,-73.3579,74.01,83,0,4.61
154,Chilca,PE,2022-07-16 02:39:59,-12.5211,-76.7372,59.81,86,92,7.58
155,Muscle Shoals,US,2022-07-16 02:37:38,34.7448,-87.6675,80.15,74,0,0.0
156,Airai,TL,2022-07-16 02:39:59,-8.9266,125.4092,69.1,51,98,3.27
157,Verkhnyaya Tura,RU,2022-07-16 02:40:00,58.3594,59.8175,64.4,95,100,3.83
158,Mehamn,NO,2022-07-16 02:40:00,71.0357,27.8492,53.55,87,40,4.61
159,Klamath Falls,US,2022-07-16 02:40:01,42.2249,-121.7817,84.11,32,0,18.41
160,Jasper,US,2022-07-16 02:36:34,37.2001,-94.3502,87.71,54,4,8.7
161,Sokoni,TZ,2022-07-16 02:40:01,-6.4333,39.55,75.06,81,97,17.94
162,Kidal,ML,2022-07-16 02:40:02,18.4411,1.4078,90.27,28,64,3.47
163,Narsaq,GL,2022-07-16 02:40:02,60.9167,-46.05,48.42,89,100,5.37
164,San Quintin,MX,2022-07-16 02:40:03,30.4833,-115.95,66.54,83,4,9.4
165,Tiksi,RU,2022-07-16 02:38:31,71.6872,128.8694,42.06,75,100,4.03
166,Viedma,AR,2022-07-16 02:40:03,-40.8135,-62.9967,43.25,80,100,12.41
167,Bilibino,RU,2022-07-16 02:40:04,68.0546,166.4372,67.15,41,77,15.39
168,Zhangye,CN,2022-07-16 02:40:04,38.9342,100.4517,63.28,61,100,11.05
169,Qala,AZ,2022-07-16 02:40:05,40.4418,50.1681,69.69,94,0,6.91
170,Oranjemund,NA,2022-07-16 02:40:05,-28.55,16.4333,67.37,28,0,12.26
171,Jamestown,US,2022-07-16 02:35:26,42.097,-79.2353,63.99,71,100,1.74
172,Cherskiy,RU,2022-07-16 02:40:06,68.75,161.3,70.83,45,100,15.66
173,Derzhavinsk,KZ,2022-07-16 02:40:06,51.1,66.3167,84.34,31,32,15.77
174,Ruidoso,US,2022-07-16 02:40:07,33.3317,-105.673,77.27,36,0,8.05
175,Nyurba,RU,2022-07-16 02:40:07,63.2842,118.3319,74.52,71,100,11.12
176,Mount Gambier,AU,2022-07-16 02:40:07,-37.8333,140.7667,51.71,62,75,19.57
177,Avarua,CK,2022-07-16 02:40:08,-21.2078,-159.775,75.25,69,75,16.11
178,Saskylakh,RU,2022-07-16 02:40:08,71.9167,114.0833,60.84,47,47,0.31
179,Ahipara,NZ,2022-07-16 02:40:08,-35.1667,173.1667,55.18,73,23,9.48
180,Vao,NC,2022-07-16 02:40:09,-22.6667,167.4833,68.67,56,0,19.28
181,Hirara,JP,2022-07-16 02:39:06,24.8,125.2833,88.07,89,75,6.91
182,Vila Velha,BR,2022-07-16 02:37:26,-20.3297,-40.2925,69.75,92,0,4.61
183,Olafsvik,IS,2022-07-16 02:41:09,64.8945,-23.7142,50.95,89,100,19.53
184,Jaragua,BR,2022-07-16 02:41:10,-15.7569,-49.3344,66.96,46,86,2.71
185,Taltal,CL,2022-07-16 02:41:10,-25.4,-70.4833,54.19,72,34,1.52
186,Chokurdakh,RU,2022-07-16 02:39:51,70.6333,147.9167,47.77,75,100,12.35
187,Kununurra,AU,2022-07-16 02:36:23,-15.7667,128.7333,75.18,29,6,9.22
188,Charters Towers,AU,2022-07-16 02:39:59,-20.1,146.2667,71.26,49,61,16.82
189,Olinda,BR,2022-07-16 02:40:02,-8.0089,-34.8553,73.13,94,75,10.36
190,Thinadhoo,MV,2022-07-16 02:41:12,0.5333,72.9333,83.43,75,32,11.63
191,Komsomolskiy,UZ,2022-07-16 02:41:12,40.4272,71.7189,84.92,28,0,2.3
192,Ambulu,ID,2022-07-16 02:41:13,-8.345,113.6058,82.31,71,29,4.29
193,Cabo San Lucas,MX,2022-07-16 02:41:13,22.8909,-109.9124,88.61,63,0,11.68
194,Umaria,IN,2022-07-16 02:41:14,23.5333,80.8333,83.68,70,80,2.1
195,Great Yarmouth,GB,2022-07-16 02:38:54,52.6083,1.7305,57.02,89,9,9.4
196,Caravelas,BR,2022-07-16 02:41:14,-17.7125,-39.2481,70.05,81,88,5.19
197,Churapcha,RU,2022-07-16 02:41:14,62.0025,132.4325,82.08,53,35,2.8
198,Mackay,AU,2022-07-16 02:37:16,-21.15,149.2,73.69,74,46,14.34
199,Kiunga,PG,2022-07-16 02:41:15,-6.1219,141.2906,79.75,70,97,5.68
200,Yen Bai,VN,2022-07-16 02:41:15,21.7,104.8667,88.52,72,87,2.55
201,Aklavik,CA,2022-07-16 02:37:52,68.2191,-135.0107,60.62,41,88,9.8
202,Palembang,ID,2022-07-16 02:41:16,-2.9167,104.7458,78.89,83,20,5.75
203,Richards Bay,ZA,2022-07-16 02:39:47,-28.783,32.0377,63.54,77,99,2.15
204,Pallasovka,RU,2022-07-16 02:41:16,50.05,46.8833,70.65,56,4,2.62
205,Christchurch,NZ,2022-07-16 02:41:17,-43.5333,172.6333,51.33,48,0,5.75
206,Puerto Escondido,MX,2022-07-16 02:40:20,15.85,-97.0667,81.43,65,75,5.75
207,Port Hardy,CA,2022-07-16 02:41:17,50.6996,-127.4199,55.58,94,75,3.44
208,Provideniya,RU,2022-07-16 02:41:18,64.3833,-173.3,50.77,62,38,6.93
209,Meulaboh,ID,2022-07-16 02:41:18,4.1363,96.1285,83.32,70,52,0.34
210,Geraldton,AU,2022-07-16 02:41:18,-28.7667,114.6,61.21,82,2,11.5
211,Valparaiso,CL,2022-07-16 02:41:19,-33.0393,-71.6273,48.47,89,40,4.61
212,Naze,JP,2022-07-16 02:41:19,28.3667,129.4833,86.92,78,100,16.22
213,Samana,DO,2022-07-16 02:41:20,19.2056,-69.3369,78.66,88,98,10.54
214,Saint-Augustin,CA,2022-07-16 02:41:20,51.226,-58.6502,54.55,90,83,7.81
215,Labuhan,ID,2022-07-16 02:37:25,-6.8844,112.2051,82.56,73,75,6.53
216,Margate,GB,2022-07-16 02:41:21,51.3813,1.3862,63.3,76,12,1.01
217,Rio Grande,BR,2022-07-16 02:41:21,-32.035,-52.0986,57.94,97,61,5.73
218,Puerto Leguizamo,CO,2022-07-16 02:41:21,-0.1934,-74.7819,71.11,98,99,3.13
219,Ilovlya,RU,2022-07-16 02:41:22,49.3033,43.9796,69.67,53,7,5.86
220,Zhigalovo,RU,2022-07-16 02:41:22,54.8097,105.1578,58.26,90,100,3.74
221,Vardo,NO,2022-07-16 02:41:23,70.3705,31.1107,53.58,82,100,23.02
222,Poum,NC,2022-07-16 02:41:23,-20.2333,164.0167,73.08,53,0,17.76
223,Maniitsoq,GL,2022-07-16 02:41:23,65.4167,-52.9,39.76,85,100,12.08
224,Pevek,RU,2022-07-16 02:41:24,69.7008,170.3133,38.61,67,90,5.1
225,Tukrah,LY,2022-07-16 02:41:24,32.5341,20.5791,74.82,70,0,7.65
226,La Romana,DO,2022-07-16 02:39:27,18.4273,-68.9728,77.36,94,75,0.0
227,Cesis,LV,2022-07-16 02:41:25,57.3119,25.2746,49.73,96,26,7.72
228,Sitka,US,2022-07-16 02:41:25,57.0531,-135.33,55.29,88,100,0.0
229,Yakeshi,CN,2022-07-16 02:41:26,49.2833,120.7333,75.45,62,100,12.73
230,Belinskiy,RU,2022-07-16 02:42:26,52.9647,43.4165,61.63,81,33,5.99
231,Kapit,MY,2022-07-16 02:42:26,2.0167,112.9333,89.38,57,85,1.3
232,Cockburn Town,TC,2022-07-16 02:40:53,21.4612,-71.1419,81.7,87,89,21.79
233,Pandan,PH,2022-07-16 02:42:27,14.0453,124.1694,87.21,67,69,1.88
234,Valleyview,CA,2022-07-16 02:42:27,55.0667,-117.2859,71.64,60,100,6.91
235,Oshawa,CA,2022-07-16 02:42:27,43.9001,-78.8496,70.92,68,75,4.61
236,Rongcheng,CN,2022-07-16 02:42:28,30.634,117.8517,97.66,47,100,7.07
237,Grand Forks,US,2022-07-16 02:42:28,47.9417,-97.4337,82.13,65,40,4.61
238,Alyangula,AU,2022-07-16 02:42:29,-13.8483,136.4192,74.43,63,86,10.58
239,Qaqortoq,GL,2022-07-16 02:38:45,60.7167,-46.0333,40.28,90,100,6.2
240,Bilma,NE,2022-07-16 02:42:29,18.6853,12.9164,82.54,52,66,2.77
241,Manado,ID,2022-07-16 02:42:30,1.487,124.8455,90.37,58,20,2.3
242,Fare,PF,2022-07-16 02:42:30,-16.7,-151.0167,76.68,70,47,24.18
243,Maxixe,MZ,2022-07-16 02:42:31,-23.8597,35.3472,63.03,88,23,7.94
244,Aqtobe,KZ,2022-07-16 02:42:31,50.2797,57.2072,66.29,63,0,6.71
245,Marihatag,PH,2022-07-16 02:42:31,8.7936,126.2969,85.24,68,80,4.68
246,Srednekolymsk,RU,2022-07-16 02:37:48,67.45,153.6833,80.55,39,27,11.52
247,Diffa,NE,2022-07-16 02:41:22,13.3154,12.6113,76.5,79,100,6.26
248,Buncrana,IE,2022-07-16 02:42:32,55.1333,-7.45,49.77,94,91,3.42
249,Egvekinot,RU,2022-07-16 02:42:32,66.3167,-179.1667,47.64,63,99,8.3
250,Ewa Beach,US,2022-07-16 02:42:33,21.3156,-158.0072,84.15,58,40,15.01
251,Gamba,GA,2022-07-16 02:42:33,-2.65,10.0,70.43,91,100,3.6
252,Shu,KZ,2022-07-16 02:42:34,43.5983,73.7614,84.99,19,0,6.96
253,Oussouye,SN,2022-07-16 02:42:34,12.485,-16.5469,79.32,85,91,7.67
254,Sao Filipe,CV,2022-07-16 02:42:35,14.8961,-24.4956,74.1,84,90,4.45
255,Sheridan,US,2022-07-16 02:42:35,44.8333,-106.9173,75.58,45,0,21.85
256,Les Cayes,HT,2022-07-16 02:42:35,18.2,-73.75,79.07,80,6,4.36
257,Teknaf,BD,2022-07-16 02:42:36,20.8624,92.3058,85.53,74,60,15.95
258,Lebu,CL,2022-07-16 02:42:36,-37.6167,-73.65,43.88,84,25,3.38
259,Itupeva,BR,2022-07-16 02:38:36,-23.1531,-47.0578,71.33,53,0,4.61
260,Kahului,US,2022-07-16 02:38:15,20.8947,-156.47,84.22,68,40,20.71
261,Ushtobe,KZ,2022-07-16 02:42:37,45.2514,77.9838,86.59,20,0,7.23
262,Ngunguru,NZ,2022-07-16 02:42:37,-35.6167,174.5,56.53,61,5,10.94
263,Kruisfontein,ZA,2022-07-16 02:42:38,-34.0033,24.7314,53.46,68,100,6.58
264,Half Moon Bay,US,2022-07-16 02:42:38,37.4636,-122.4286,74.03,79,100,17.27
265,Nikolskoye,RU,2022-07-16 02:42:38,59.7035,30.7861,55.29,90,56,7.18
266,Yar-Sale,RU,2022-07-16 02:38:41,66.8333,70.8333,63.93,48,9,10.02
267,Sao Miguel Do Araguaia,BR,2022-07-16 02:42:39,-13.275,-50.1628,74.07,44,11,4.07
268,Verkhoyansk,RU,2022-07-16 02:42:39,67.5447,133.385,66.16,59,100,11.92
269,Tambovka,RU,2022-07-16 02:42:40,50.0969,128.0489,80.51,61,71,10.27
270,Jiaojiang,CN,2022-07-16 02:42:40,28.6803,121.4428,99.0,48,100,2.01
271,Tabou,CI,2022-07-16 02:42:41,4.423,-7.3528,73.96,90,100,9.28
272,Luderitz,NA,2022-07-16 02:42:41,-26.6481,15.1594,69.35,27,0,11.23
273,Uncia,BO,2022-07-16 02:42:41,-18.467,-66.5685,37.62,23,41,6.67
274,Esperance,AU,2022-07-16 02:43:42,-33.8667,121.9,59.81,69,100,12.64
275,Altay,CN,2022-07-16 02:43:42,47.8667,88.1167,72.32,28,18,4.83
276,College,US,2022-07-16 02:43:43,64.8569,-147.8028,64.38,75,100,5.75
277,Teruel,ES,2022-07-16 02:43:43,40.6667,-0.6667,68.38,37,0,5.55
278,Bajil,YE,2022-07-16 02:43:43,15.0584,43.2851,86.45,52,56,5.66
279,Baruun-Urt,MN,2022-07-16 02:43:44,46.6806,113.2792,71.46,60,97,6.42
280,Lata,PT,2022-07-16 02:43:44,40.1629,-8.3327,63.23,85,76,1.83
281,Havoysund,NO,2022-07-16 02:43:44,70.9963,24.6622,53.83,91,100,9.95
282,Salinopolis,BR,2022-07-16 02:43:45,-0.6136,-47.3561,76.87,88,20,9.95
283,Praia,CV,2022-07-16 02:43:45,14.9215,-23.5087,75.74,78,75,8.05
284,Ciudad Bolivar,VE,2022-07-16 02:43:46,8.1222,-63.5497,75.24,95,100,6.02
285,Constitucion,CL,2022-07-16 02:43:46,-35.3333,-72.4167,44.15,89,100,5.5
286,Bathsheba,BB,2022-07-16 02:43:46,13.2167,-59.5167,83.01,89,75,16.11
287,La Ronge,CA,2022-07-16 02:43:47,55.1001,-105.2842,79.02,41,75,2.3
288,Hutchinson,US,2022-07-16 02:42:37,38.0608,-97.9298,93.15,32,0,10.36
289,Wasilla,US,2022-07-16 02:43:47,61.5814,-149.4394,61.75,81,100,8.05
290,Sijunjung,ID,2022-07-16 02:43:48,-0.6876,100.9537,85.21,61,87,2.08
291,Zheleznodorozhnyy,RU,2022-07-16 02:43:48,55.7503,38.0042,56.75,77,0,5.88
292,Morondava,MG,2022-07-16 02:43:48,-20.2833,44.2833,64.08,82,0,6.38
293,Jiquipilas,MX,2022-07-16 02:43:49,16.6667,-93.65,71.01,98,100,1.95
294,Lavrentiya,RU,2022-07-16 02:42:30,65.5833,-171.0,47.7,61,2,9.31
295,Sungaipenuh,ID,2022-07-16 02:43:49,-2.0833,101.3833,75.88,62,100,3.83
296,San Policarpo,PH,2022-07-16 02:43:50,12.1791,125.5072,84.97,70,55,6.42
297,Oyama,JP,2022-07-16 02:43:50,36.3,139.8,78.58,93,100,5.01
298,Seymchan,RU,2022-07-16 02:43:51,62.8833,152.4333,84.52,34,100,2.95
299,Manggar,ID,2022-07-16 02:43:51,-2.8833,108.2667,83.7,72,90,6.89
300,Ancud,CL,2022-07-16 02:40:29,-41.8697,-73.8203,40.23,79,0,2.21
301,Ketchikan,US,2022-07-16 02:40:05,55.3422,-131.6461,54.07,100,100,10.36
302,Belmonte,BR,2022-07-16 02:41:12,-15.8631,-38.8828,71.56,83,70,6.44
303,Iqaluit,CA,2022-07-16 02:43:52,63.7506,-68.5145,60.53,55,75,16.11
304,Kudahuvadhoo,MV,2022-07-16 02:43:52,2.6708,72.8944,83.39,73,17,10.27
305,Trairi,BR,2022-07-16 02:38:54,-3.2778,-39.2689,77.04,82,16,8.48
306,Sturgeon Falls,CA,2022-07-16 02:42:43,46.3646,-79.9326,66.16,71,100,5.37
307,Reitz,ZA,2022-07-16 02:43:53,-27.8014,28.4273,39.33,56,0,1.9
308,Lagoa,PT,2022-07-16 02:43:53,39.05,-27.9833,68.76,93,0,11.54
309,Ambilobe,MG,2022-07-16 02:43:53,-13.2,49.05,63.54,88,16,3.24
310,Xinzhou,CN,2022-07-16 02:43:54,38.4092,112.7333,77.05,70,99,4.47
311,Teya,RU,2022-07-16 02:43:54,60.3778,92.6267,63.09,54,22,1.41
312,Araouane,ML,2022-07-16 02:43:54,18.9048,-3.5265,92.84,19,6,10.71
313,Svetlogorsk,BY,2022-07-16 02:43:55,52.6333,29.7333,49.6,95,9,5.37
314,Te Anau,NZ,2022-07-16 02:43:55,-45.4167,167.7167,43.66,78,24,3.65
315,Kaili,ID,2022-07-16 02:43:56,-3.4626,120.2147,72.84,80,100,3.33
316,Fortuna,US,2022-07-16 02:43:56,40.5982,-124.1573,63.93,85,100,5.01
317,Erenhot,CN,2022-07-16 02:43:56,43.6475,111.9767,82.76,18,0,18.72
318,Villarrica,PY,2022-07-16 02:43:57,-25.75,-56.4333,77.09,59,100,8.3
319,Brokopondo,SR,2022-07-16 02:41:28,4.75,-55.1667,75.85,90,89,3.47
320,Comodoro Rivadavia,AR,2022-07-16 02:44:57,-45.8667,-67.5,31.86,86,20,5.75
321,Banda Aceh,ID,2022-07-16 02:41:36,5.5577,95.3222,85.39,69,56,12.39
322,Kloulklubed,PW,2022-07-16 02:44:58,7.0419,134.2556,75.7,87,100,11.56
323,Faranah,GN,2022-07-16 02:44:58,10.0404,-10.7434,69.06,98,58,7.9
324,Kroya,ID,2022-07-16 02:44:58,-7.6331,109.2461,79.7,84,87,1.34
325,Caramay,PH,2022-07-16 02:44:59,10.1815,119.236,84.78,69,100,4.41
326,San Patricio,US,2022-07-16 02:41:38,28.017,-97.5169,84.83,68,31,12.55
327,Dingle,PH,2022-07-16 02:44:59,10.9995,122.6711,86.02,72,89,3.83
328,Sorland,NO,2022-07-16 02:45:00,67.667,12.6934,49.86,82,100,11.32
329,Itiuba,BR,2022-07-16 02:45:00,-10.6917,-39.8536,63.84,95,20,4.16
330,Boyolangu,ID,2022-07-16 02:45:01,-8.1181,111.8935,80.33,80,75,8.68
331,Nelson Bay,AU,2022-07-16 02:45:01,-32.7167,152.15,61.11,61,100,5.01
332,Cozumel,MX,2022-07-16 02:45:01,20.5083,-86.9458,81.0,79,100,5.01
333,Salalah,OM,2022-07-16 02:45:02,17.0151,54.0924,77.4,95,100,9.46
334,Chokwe,MZ,2022-07-16 02:45:02,-24.5333,32.9833,60.12,96,61,7.23
335,Anadyr,RU,2022-07-16 02:45:03,64.75,177.4833,57.7,58,20,13.42
336,Port-Gentil,GA,2022-07-16 02:45:03,-0.7193,8.7815,73.76,79,78,11.14
337,Abu Dhabi,AE,2022-07-16 02:42:42,24.4667,54.3667,95.02,68,0,1.14
338,Cuddapah,IN,2022-07-16 02:45:04,14.4667,78.8167,83.95,58,100,18.61
339,Havre-Saint-Pierre,CA,2022-07-16 02:41:33,50.2334,-63.5986,55.76,94,75,2.3
340,Leon,MX,2022-07-16 02:45:04,21.1167,-101.6667,67.17,66,89,11.14
341,Buala,SB,2022-07-16 02:45:05,-8.145,159.5921,85.05,65,77,8.1
342,Gatton,AU,2022-07-16 02:45:05,-27.55,152.2833,66.65,48,0,4.07
343,Berdigestyakh,RU,2022-07-16 02:45:05,62.0989,126.6992,82.35,53,77,6.42
344,Tuensang,IN,2022-07-16 02:45:06,26.2833,94.8333,81.12,83,14,0.78
345,Atambua,ID,2022-07-16 02:45:07,-9.1061,124.8925,79.39,55,87,1.39
346,Ust-Kulom,RU,2022-07-16 02:45:07,61.6864,53.6902,66.15,86,100,2.73
347,Eureka,US,2022-07-16 02:41:11,40.8021,-124.1637,64.2,84,28,5.01
348,South Venice,US,2022-07-16 02:45:07,27.0531,-82.4243,82.0,83,0,5.75
349,Quatre Cocos,MU,2022-07-16 02:45:08,-20.2078,57.7625,69.1,76,92,16.02
350,Surt,LY,2022-07-16 02:45:09,31.2089,16.5887,74.84,61,0,3.47
351,Nata,PA,2022-07-16 02:45:09,8.3333,-80.5167,75.74,88,6,6.24
352,Lasa,IT,2022-07-16 02:45:09,46.6166,10.7002,67.08,90,3,3.53
353,Guarapari,BR,2022-07-16 02:45:10,-20.6667,-40.4975,68.9,88,71,11.1
354,Buraydah,SA,2022-07-16 02:45:10,26.326,43.975,81.05,13,97,3.31
355,Blackwater,AU,2022-07-16 02:45:10,-23.5833,148.8833,68.07,51,11,14.45
356,Port Hedland,AU,2022-07-16 02:45:11,-20.3167,118.5667,77.05,18,0,12.66
357,Ilulissat,GL,2022-07-16 02:44:15,69.2167,-51.1,39.22,100,100,3.44
358,Kaeo,NZ,2022-07-16 02:41:25,-35.1,173.7833,57.33,74,9,7.61
359,Gaoyou,CN,2022-07-16 02:45:12,32.7858,119.4278,84.33,81,100,4.0
360,Malakal,SS,2022-07-16 02:45:12,9.5334,31.6605,69.35,88,100,0.54
361,Palmer,US,2022-07-16 02:45:12,42.1584,-72.3287,71.15,77,0,4.61
362,Port Shepstone,ZA,2022-07-16 02:45:13,-30.7414,30.455,58.82,80,11,8.1
363,Iquique,CL,2022-07-16 02:45:13,-20.2208,-70.1431,57.24,67,1,4.52
364,Katsuura,JP,2022-07-16 02:45:13,35.1333,140.3,73.42,89,100,13.53
365,Yatou,CN,2022-07-16 02:46:14,37.15,122.3833,82.17,61,42,11.07
366,Escanaba,US,2022-07-16 02:46:14,45.7453,-87.0646,64.36,77,0,6.91
367,Necochea,AR,2022-07-16 02:46:15,-38.5473,-58.7368,47.75,92,100,19.51
368,Bastia,FR,2022-07-16 02:46:15,42.6667,9.3333,76.3,82,0,5.75
369,Turukhansk,RU,2022-07-16 02:46:15,65.8167,87.9833,64.78,50,51,12.48
370,Unnao,IN,2022-07-16 02:46:16,26.5333,80.5,87.78,39,49,13.78
371,Cannington,AU,2022-07-16 02:46:16,-32.0167,115.95,62.33,78,75,8.05
372,Codrington,AU,2022-07-16 02:46:16,-38.2667,141.9667,53.22,51,100,23.29
373,Walvis Bay,NA,2022-07-16 02:46:17,-22.9575,14.5053,72.55,21,0,17.27
374,Sunrise Manor,US,2022-07-16 02:46:17,36.2111,-115.0731,105.89,19,0,10.36
375,Anda,CN,2022-07-16 02:46:18,46.4,125.3167,73.54,68,94,10.83
376,Asyut,EG,2022-07-16 02:46:18,27.181,31.1837,78.98,30,0,7.34
377,Sagaing,MM,2022-07-16 02:46:18,21.8787,95.9797,86.18,70,75,5.75
378,Changde,CN,2022-07-16 02:46:19,29.0464,111.6783,96.93,58,100,12.84
379,Huangnihe,CN,2022-07-16 02:46:19,43.5583,128.0239,64.36,92,99,8.12
380,Glen Allen,US,2022-07-16 02:45:15,37.666,-77.5064,73.15,91,0,0.0
381,Dunda,TZ,2022-07-16 02:46:20,-8.1167,34.25,62.2,74,95,4.81
382,Radhanpur,IN,2022-07-16 02:46:20,23.8333,71.6,83.3,78,100,15.75
383,Nanyuki,KE,2022-07-16 02:46:21,0.0167,37.0728,54.52,86,69,9.22
384,Businga,CD,2022-07-16 02:46:21,3.3333,20.8833,69.55,99,97,1.95
385,Xixiang,CN,2022-07-16 02:46:21,35.1628,112.865,80.73,93,100,2.75
386,Shamary,RU,2022-07-16 02:46:22,57.3434,58.2199,61.66,95,100,4.5
387,Seminole,US,2022-07-16 02:45:14,28.7086,-81.2081,83.19,85,0,6.91
388,Kamaishi,JP,2022-07-16 02:46:22,39.2667,141.8833,70.61,99,100,11.14
389,Souillac,MU,2022-07-16 02:46:23,-20.5167,57.5167,68.38,83,75,11.5
390,Broome,US,2022-07-16 02:46:23,42.2506,-75.833,65.68,68,97,3.11
391,Lokosovo,RU,2022-07-16 02:46:23,61.1333,74.8167,64.83,66,31,4.85
392,Luwuk,ID,2022-07-16 02:46:24,-0.9516,122.7875,78.58,86,100,7.11
393,Powell River,CA,2022-07-16 02:43:09,49.8496,-124.5361,65.19,88,75,8.05
394,Trincomalee,LK,2022-07-16 02:46:24,8.5711,81.2335,83.28,69,99,19.19
395,Gebze,TR,2022-07-16 02:46:25,40.8028,29.4307,65.35,94,0,8.05
396,Oksfjord,NO,2022-07-16 02:46:25,70.2396,22.3479,57.27,91,100,6.17
397,Sheffield,GB,2022-07-16 02:43:06,53.383,-1.4659,56.01,82,52,1.99
398,Bahar,IR,2022-07-16 02:46:26,34.9072,48.4414,59.16,38,0,4.61
399,Safonovo,RU,2022-07-16 02:46:26,55.15,33.2167,49.41,97,20,5.5
400,Cotonou,BJ,2022-07-16 02:46:26,6.3654,2.4183,75.87,88,98,11.25
401,Wanxian,CN,2022-07-16 02:46:27,30.8039,108.3897,94.98,58,99,1.57
402,Nova Odesa,UA,2022-07-16 02:46:27,47.3078,31.7851,66.61,77,91,10.11
403,Sao Gabriel Da Cachoeira,BR,2022-07-16 02:46:27,-0.1303,-67.0892,73.38,94,98,1.21
404,Namibe,AO,2022-07-16 02:46:28,-15.1961,12.1522,66.06,85,0,5.95
405,Sotouboua,TG,2022-07-16 02:46:28,8.5667,0.9833,69.85,97,92,3.22
406,Cidreira,BR,2022-07-16 02:46:29,-30.1811,-50.2056,63.5,93,99,6.22
407,Santa Isabel,BR,2022-07-16 02:42:45,-23.3156,-46.2214,61.56,71,42,2.33
408,Abha,SA,2022-07-16 02:42:11,18.2164,42.5053,68.25,49,0,0.0
409,Shestakovo,RU,2022-07-16 02:46:29,56.4915,103.96,53.56,98,100,2.46
410,Noyon,FR,2022-07-16 02:46:30,49.5833,3.0,56.05,69,14,4.16
411,Dryden,CA,2022-07-16 02:43:53,49.7833,-92.7503,75.49,57,40,4.61
412,Anchorage,US,2022-07-16 02:44:07,61.2181,-149.9003,63.19,73,100,20.71
413,Ostrovnoy,RU,2022-07-16 02:47:30,68.0531,39.5131,51.8,99,100,11.01
414,Surskoye,RU,2022-07-16 02:47:31,54.4821,46.7214,61.52,83,10,5.17
415,Uaua,BR,2022-07-16 02:47:31,-9.8414,-39.4817,65.88,88,0,10.4
416,Sivas,TR,2022-07-16 02:47:31,39.7916,37.0019,56.03,94,75,6.91
417,Samarai,PG,2022-07-16 02:47:32,-10.6167,150.6667,79.16,69,95,13.82
418,Rovinj,HR,2022-07-16 02:47:32,45.08,13.64,77.49,66,1,9.66
419,Maarianhamina,AX,2022-07-16 02:47:33,60.0973,19.9348,51.66,82,75,6.91
420,Uvira,CD,2022-07-16 02:47:33,-3.4067,29.1458,71.67,68,65,1.16
421,Vallenar,CL,2022-07-16 02:47:33,-28.5708,-70.7581,43.52,79,100,2.17
422,Flin Flon,CA,2022-07-16 02:47:34,54.7682,-101.865,71.91,59,98,3.11
423,San Cristobal,VE,2022-07-16 02:47:34,7.7669,-72.225,71.78,98,40,2.35
424,Marawi,PH,2022-07-16 02:47:35,7.9986,124.2928,81.21,68,47,2.53
425,Pangnirtung,CA,2022-07-16 02:44:49,66.1451,-65.7125,57.0,56,7,2.84
426,Perbaungan,ID,2022-07-16 02:47:35,3.5679,98.956,78.91,71,48,3.74
427,Broken Hill,AU,2022-07-16 02:47:36,-31.95,141.4333,59.23,22,0,26.66
428,Grindavik,IS,2022-07-16 02:47:36,63.8424,-22.4338,52.27,93,100,27.63
429,Sioux Lookout,CA,2022-07-16 02:42:41,50.1001,-91.917,71.67,60,20,3.44
430,Beringovskiy,RU,2022-07-16 02:47:36,63.05,179.3167,47.5,69,66,6.31
431,Cedar City,US,2022-07-16 02:47:37,37.6775,-113.0619,81.57,32,20,6.91
432,Hofn,IS,2022-07-16 02:47:37,64.2539,-15.2082,50.22,89,100,6.33
433,Victor Harbor,AU,2022-07-16 02:47:37,-35.5667,138.6167,52.0,82,61,4.0
434,Bodden Town,KY,2022-07-16 02:47:38,19.2833,-81.25,82.99,78,0,3.44
435,Ayagoz,KZ,2022-07-16 02:47:38,47.9714,80.4392,82.08,25,5,1.79
436,Wilmington,US,2022-07-16 02:44:27,34.2257,-77.9447,78.91,89,40,0.0
437,Pecos,US,2022-07-16 02:47:39,31.4229,-103.4932,92.23,22,0,9.22
438,Ati,TD,2022-07-16 02:47:39,13.2154,18.3353,75.56,83,100,2.59
439,Sokoto,NG,2022-07-16 02:47:39,13.0609,5.239,77.41,71,100,15.61
440,Axim,GH,2022-07-16 02:47:40,4.8699,-2.2405,75.16,88,99,10.56
441,Pacific Grove,US,2022-07-16 02:47:40,36.6177,-121.9166,71.24,86,75,11.5
442,Valer,NO,2022-07-16 02:47:41,60.6785,11.8331,43.83,84,99,4.12
443,Verkhnyaya Inta,RU,2022-07-16 02:47:41,65.9811,60.3094,73.99,57,54,14.38
444,Plettenberg Bay,ZA,2022-07-16 02:47:42,-34.0527,23.3716,58.48,60,96,4.45
445,Nenjiang,CN,2022-07-16 02:47:42,49.1833,125.2167,77.85,69,100,8.5
446,Alice Springs,AU,2022-07-16 02:47:42,-23.7,133.8833,67.55,12,0,6.91
447,Nome,US,2022-07-16 02:43:17,64.5011,-165.4064,65.16,55,0,11.5
448,Guerrero Negro,MX,2022-07-16 02:46:16,27.9769,-114.0611,67.28,84,13,17.67
449,Narrabri,AU,2022-07-16 02:47:43,-30.3167,149.7833,62.53,44,94,3.0
450,Koslan,RU,2022-07-16 02:47:43,63.4564,48.8989,66.09,90,100,6.76
451,Sabang,ID,2022-07-16 02:47:44,5.8933,95.3214,82.87,76,86,19.06
452,Hudson Bay,CA,2022-07-16 02:47:44,52.85,-102.3842,70.56,80,6,5.86
453,Tigzirt,DZ,2022-07-16 02:47:45,36.8886,4.1198,76.03,57,0,6.24
454,Mendi,PG,2022-07-16 02:47:45,-6.1761,143.6513,63.48,84,100,3.83
455,Passo De Camaragibe,BR,2022-07-16 02:48:46,-9.2368,-35.4901,76.55,94,26,3.65
456,Hovd,MN,2022-07-16 02:48:46,48.0056,91.6419,66.81,24,1,4.79
457,Kommunar,RU,2022-07-16 02:48:46,59.6206,30.39,54.93,87,49,8.25
458,Nishihara,JP,2022-07-16 02:48:47,26.1842,127.7558,87.85,84,100,12.66
459,Shalya,RU,2022-07-16 02:48:47,57.2471,58.7298,62.19,93,98,4.65
460,Les Escoumins,CA,2022-07-16 02:48:48,48.1111,-69.0236,51.15,70,57,7.74
461,Juneau,US,2022-07-16 02:48:48,58.3019,-134.4197,69.8,100,20,13.8
462,Lamlash,GB,2022-07-16 02:48:48,55.5336,-5.1296,48.49,85,47,3.49
463,Opuwo,NA,2022-07-16 02:48:49,-18.0607,13.84,54.16,37,0,7.63
464,Jiangyou,CN,2022-07-16 02:48:49,31.7667,104.7167,82.96,83,100,1.45
465,Lethbridge,CA,2022-07-16 02:46:28,49.7,-112.8186,79.29,47,20,8.05
466,Malindi,KE,2022-07-16 02:48:50,-3.2175,40.1191,73.24,86,22,13.24
467,Hualmay,PE,2022-07-16 02:48:38,-11.0964,-77.6139,60.31,84,19,11.74
468,Hamilton,US,2022-07-16 02:48:50,39.1834,-84.5333,77.63,69,0,1.01
469,Bubaque,GW,2022-07-16 02:48:51,11.2833,-15.8333,80.15,81,97,13.22
470,Conde,BR,2022-07-16 02:48:51,-7.2597,-34.9075,72.86,94,0,6.91
471,Anuradhapura,LK,2022-07-16 02:48:51,8.3565,80.4173,83.25,65,100,15.48
472,Amapa,BR,2022-07-16 02:48:52,1.0,-52.0,70.38,99,98,1.92
473,Okhotsk,RU,2022-07-16 02:48:52,59.3833,143.3,63.16,79,100,8.72
474,Minsk,BY,2022-07-16 02:46:19,53.9,27.5667,51.55,96,21,6.46
475,Mocuba,MZ,2022-07-16 02:48:52,-16.8392,36.9856,58.75,91,25,4.92
476,Senador Pompeu,BR,2022-07-16 02:48:53,-5.5881,-39.3717,77.81,52,94,3.29
477,Itaituba,BR,2022-07-16 02:48:53,-4.2761,-55.9836,75.88,81,52,2.26
478,Gravenhurst,CA,2022-07-16 02:48:54,44.9168,-79.3663,69.37,77,75,0.0
479,Rocha,UY,2022-07-16 02:46:26,-34.4833,-54.3333,54.81,99,100,5.35
480,Umba,RU,2022-07-16 02:48:54,66.6871,34.3429,56.84,84,80,3.83
481,Kushiro,JP,2022-07-16 02:48:54,42.975,144.3747,65.35,88,75,6.91
482,Piney Green,US,2022-07-16 02:48:55,34.716,-77.3202,79.92,97,0,0.0
483,Sinnamary,GF,2022-07-16 02:46:11,5.3833,-52.95,76.6,90,89,6.82
484,Nemuro,JP,2022-07-16 02:48:55,43.3236,145.575,62.13,80,96,12.28
485,Brejo Santo,BR,2022-07-16 02:48:56,-7.4933,-38.9872,71.83,82,0,5.99
486,Tripoli,LY,2022-07-16 02:45:10,32.8752,13.1875,75.58,63,0,6.98
487,Gutierrez,CO,2022-07-16 02:48:56,4.2547,-74.0025,54.75,92,96,2.24
488,Tocopilla,CL,2022-07-16 02:47:14,-22.092,-70.1979,56.68,56,0,6.38
489,Hobyo,SO,2022-07-16 02:48:57,5.3505,48.5268,76.68,74,100,22.41
490,Gizo,SB,2022-07-16 02:48:57,-8.103,156.8419,82.33,77,84,14.92
491,Sirvintos,LT,2022-07-16 02:48:58,55.05,24.95,52.25,97,14,7.67
492,Ericeira,PT,2022-07-16 02:48:58,38.9627,-9.4156,68.77,95,3,6.87
493,Werda,BW,2022-07-16 02:48:58,-25.2667,23.2833,51.84,42,0,7.96
494,Arkhangelsk,RU,2022-07-16 02:48:59,64.5401,40.5433,60.91,100,40,4.47
495,Dong Hoi,VN,2022-07-16 02:48:59,17.4833,106.6,89.8,62,42,1.59
496,Fochville,ZA,2022-07-16 02:48:59,-26.4886,27.4939,45.91,46,0,2.42
497,Goundam,ML,2022-07-16 02:49:00,16.4145,-3.6708,88.86,43,100,21.61
498,Jacqueville,CI,2022-07-16 02:49:00,5.2052,-4.4146,75.79,89,100,13.91
499,Auki,SB,2022-07-16 02:49:00,-8.7676,160.7034,86.29,58,49,3.65
500,Bow Island,CA,2022-07-16 02:49:01,49.8668,-111.3684,82.15,53,0,4.61
501,Jumla,NP,2022-07-16 02:49:01,29.2747,82.1838,70.9,71,67,2.19
502,Lorengau,PG,2022-07-16 02:49:02,-2.0226,147.2712,84.15,70,56,11.86
503,Glens Falls,US,2022-07-16 02:50:02,43.3095,-73.644,66.97,84,0,0.0
504,Blyznyuky,UA,2022-07-16 02:50:02,48.8578,36.5551,64.51,63,14,2.3
505,Hay River,CA,2022-07-16 02:50:03,60.8156,-115.7999,60.78,77,73,3.44
506,Haines Junction,CA,2022-07-16 02:50:03,60.7522,-137.5108,64.35,48,98,6.91
507,Bichena,ET,2022-07-16 02:50:04,10.45,38.2,53.35,89,100,3.47
508,Roald,NO,2022-07-16 02:50:04,62.5833,6.1333,52.16,87,100,8.05
509,Fairview,US,2022-07-16 02:48:46,40.8126,-73.999,74.8,77,40,10.0
510,Fairbanks,US,2022-07-16 02:50:05,64.8378,-147.7164,64.4,75,100,5.75
511,Ulladulla,AU,2022-07-16 02:50:05,-35.35,150.4667,58.06,47,100,10.13
512,Ixtapa,MX,2022-07-16 02:50:06,20.7,-105.2,76.59,95,100,2.84
513,Shubarshi,KZ,2022-07-16 02:50:06,48.5872,57.1869,76.1,40,0,7.99
514,Erzin,TR,2022-07-16 02:50:06,36.9559,36.2,74.82,86,38,2.89
515,Sao Jose Da Coroa Grande,BR,2022-07-16 02:50:07,-8.8978,-35.1478,73.74,87,21,8.72
516,Lazaro Cardenas,MX,2022-07-16 02:50:07,17.9583,-102.2,80.98,78,100,1.23
517,Petropavlovskaya,RU,2022-07-16 02:50:08,45.0819,40.4512,67.96,73,68,6.02
518,Yamada,JP,2022-07-16 02:50:08,39.4667,141.95,69.93,99,100,9.64
519,Buseresere,TZ,2022-07-16 02:50:09,-3.0236,31.8747,62.28,61,89,5.41
520,Miles City,US,2022-07-16 02:50:09,46.4083,-105.8406,79.77,44,20,37.98
521,Myitkyina,MM,2022-07-16 02:50:09,25.3833,97.4,87.55,69,53,2.55
522,Kuryk,KZ,2022-07-16 02:50:10,43.2,51.65,84.76,31,0,13.04
523,Swan Hill,AU,2022-07-16 02:50:10,-35.3378,143.5544,60.39,26,40,19.69
524,Dutlwe,BW,2022-07-16 02:49:52,-23.9833,23.9,49.53,59,0,8.86
525,Rock Sound,BS,2022-07-16 02:50:11,24.9,-76.2,82.45,73,34,16.24
526,Pitimbu,BR,2022-07-16 02:50:11,-7.4706,-34.8086,73.99,86,8,12.37
